koskokf,2025-05-18 17:53:48,Present
koskokf,2025-05-18 17:53:50,Present
koskokf,2025-05-18 18:27:49,Present
koskokf,2025-05-18 18:27:50,Present
koskokf,2025-05-18 18:29:08,Present
koskokf,2025-05-18 18:29:35,Present
kfkmk,2025-05-18 18:35:09,Present
kfkmk,2025-05-18 18:36:49,Present
kfkmk,2025-05-18 18:37:37,Present
kfkmk,2025-05-18 20:35:27,Present
kfkmk,2025-05-18 22:35:39,Present
kfkmk,2025-05-18 23:26:33,Present
kfkmk,2025-05-18 23:28:02,Present
hii,2025-05-18 23:36:15,Present
hii,2025-05-18 23:36:43,Present
hii,2025-05-18 23:37:09,Present
hii,2025-05-18 23:49:00,Present
hii,2025-05-18 23:49:48,Present
hii,2025-05-18 23:57:06,Present
hii,2025-05-19 00:34:55,Present
hii,2025-05-19 00:39:07,Present
hii,2025-05-19 00:41:59,Present
hii,2025-05-19 00:57:11,Present
hii,2025-05-19 02:13:36,Present
hii,2025-05-19 02:22:02,Present
hii,2025-05-19 02:34:53,Present
abhi,2025-05-19 02:36:31,Present
hii,2025-05-19 15:28:07,Present
babita,2025-05-19 15:30:41,Present
babita,2025-05-19 15:31:32,Present
gaurav,2025-05-19 15:33:02,Present
hii,2025-05-19 15:35:30,Present
babita,2025-05-19 15:38:11,Present
abhi,2025-05-19 15:39:59,Present
hii,2025-05-19 15:52:43,Present
gaurav,2025-05-19 16:01:49,Present
hii,2025-05-19 23:30:02,Present
hii,2025-05-20 00:51:37,Present
babita,2025-05-20 11:18:09,Present
hii,2025-05-20 11:18:44,Present
hii,2025-05-20 11:20:48,Present
dhruvika,2025-05-20 11:21:26,Present
babita,2025-05-20 11:22:07,Present
dhruvika,2025-05-20 11:22:26,Present
abhi,2025-05-20 11:23:26,Present
piou,2025-05-20 11:42:50,Present
hii,2025-05-21 23:41:58,Present
kritika,2025-05-21 23:42:46,Present
iujuyk,2025-05-21 23:43:43,Present
aditi,2025-05-22 00:01:34,Present
hii,2025-05-22 00:02:03,Present
hii,2025-05-22 00:02:40,Present
adi,2025-05-22 00:04:41,Present
yup,2025-05-22 00:05:22,Present
you,2025-05-22 00:29:00,Present
arti,2025-05-22 01:24:14,Present
noi,2025-05-22 01:33:32,Present
thon,2025-05-22 01:50:53,Present
priy,2025-05-22 01:52:23,Present
combo,2025-05-22 01:54:22,Present
combo,2025-05-22 01:54:45,Present
kfkmk,2025-05-26 13:56:46,Present
piou,2025-05-26 13:58:18,Present
priyanka,2025-05-26 15:09:28,Present
abhi,2025-05-26 15:11:31,Present
PRIYANKA SINGH,2025-05-30 13:23:13,Present
hii,2025-05-30 13:25:46,Present
shreya,2025-05-30 13:26:32,Present
PRIYANKA SINGH,2025-05-30 13:26:48,Present
jaggu,2025-05-30 13:27:22,Present
jaggu,2025-05-30 13:27:51,Present
shurya,2025-05-31 01:36:27,Present
savita,2025-05-31 01:36:37,Present
PRIYANKA SINGH,2025-05-31 01:36:57,Present
PRIYANKA SINGH,2025-05-31 01:37:04,Present
gaurav,2025-05-31 01:37:45,Present
gaurav,2025-05-31 01:37:46,Present
kfkmk,2025-05-31 01:38:42,Present
group,2025-05-31 01:39:01,Present
yup,2025-05-31 01:41:26,Present
PRIYANKA SINGH,2025-05-31 01:41:34,Present
yup,2025-05-31 01:41:41,Present
yup,2025-05-31 01:41:48,Present
yup,2025-05-31 01:41:55,Present
nia,2025-05-31 01:42:16,Present
nia,2025-05-31 01:43:35,Present
nia,2025-05-31 01:43:48,Present
priyanka,2025-05-31 01:44:09,Present
savita,2025-05-31 01:49:59,Present
kfkmk,2025-05-31 01:50:07,Present
PRIYANKA SINGH,2025-05-31 01:50:27,Present
shurya,2025-05-31 01:50:36,Present
PRIYANKA SINGH,2025-05-31 01:53:05,Present
PRIYANKA SINGH,2025-05-31 01:54:07,Present
savita,2025-05-31 13:59:06,Present
PRIYANKA SINGH,2025-05-31 13:59:28,Present
PRIYANKA SINGH,2025-05-31 13:59:37,Present
PRIYANKA SINGH,2025-05-31 13:59:46,Present
sir,2025-05-31 16:07:12,Present
ritesh,2025-05-31 16:08:19,Present
